version,classes,cof
android-1.6_r1.2,5745,0.0013695147
android-1.6_r1.5,5745,0.001369545
android-2.0_r1,6331,0.0012379467
android-2.1_r2.1p2,6360,0.0012384764
android-2.2_r1,7352,0.0010625123
android-2.2.3_r2,7358,0.0010616483
android-2.3_r1,8093,0.0009540904
android-2.3.7_r1,8240,0.000937113
android-4.0.1_r1,11709,0.0007400012
android-4.0.4_r2.1,11851,0.0007300137
android-4.1.1_r1,14115,0.0005968253
android-4.3.1_r1,15472,0.0005764279















